学校名称,学校ID号
北京工业大学,30
北京大学,31
内蒙古大学,32
大连海事大学,33
哈尔滨工业大学,34
云南大学,35
长安大学,36
西北大学,37
北京交通大学,38
北京外国语大学,39
中央音乐学院,40
河北工业大学,41
武汉大学,42
北京林业大学,43
湖南大学,44
中央民族大学,45
中国人民大学,46
北京航空航天大学,47
北京邮电大学,48
北京中医药大学,49
辽宁大学,50
西南交通大学,51
北京师范大学,52
对外经济贸易大学,53
河北大学,54
河北科技大学,55
河北经贸大学,56
西安电子科技大学,57
湖南师范大学,58
南开大学,59
天津大学,60
中国海洋大学,61
郑州大学,62
合肥工业大学,63
滨州医学院,64
德州学院,65
中国科学技术大学,66
安徽大学,67
安徽理工大学,68
安徽工业大学,69
安徽农业大学,70
济南大学,71
安徽医科大学,72
同济大学,73
新疆大学,74
上海交通大学医学院,75
上海大学,76
南京航空航天大学,77
天津医科大学,78
天津师范大学,79
天津工业大学,80
天津理工大学,81
天津科技大学,82
天津财经大学,84
天津商业大学,85
江南大学,86
天津外国语大学,87
中国民航大学,88
天津中医药大学,89
天津职业技术师范大学,90
天津城建大学,91
天津体育学院,92
天津农学院,93
天津音乐学院,94
天津美术学院,95
广西大学,96
兰州大学,97
华南师范大学,98
四川大学,99
四川农业大学,100
西南财经大学,101
厦门大学,102
福州大学,103
中山大学,104
华南理工大学,105
暨南大学,106
西北工业大学,107
南昌大学,108
东南大学,109
中国矿业大学,110
南京大学,111
南京理工大学,112
南京农业大学,113
浙江大学,114
南京师范大学,115
河海大学,116
中国药科大学,117
苏州大学,118
重庆大学,119
中国石油大学（华东）,120
中国地质大学（武汉）,121
吉林大学,122
中南大学,123
哈尔滨工程大学,124
上海交通大学,125
山东大学,126
华中科技大学,127
武汉理工大学,128
延边大学,129
上海财经大学,130
华东师范大学,131
复旦大学,132
华东理工大学,133
东北大学,134
东华大学,135
上海外国语大学,136
东北农业大学,137
大连理工大学,138
太原理工大学,139
清华大学,140
东北师范大学,142
北京理工大学,143
北京科技大学,144
南京工程学院,146
南京晓庄学院,147
常州工学院,148
南京艺术学院,149
江苏理工学院,150
南京审计大学,151
淮阴工学院,152
盐城师范学院,153
盐城工学院,154
常州大学,156
华东交通大学,157
徐州医科大学,158
杭州电子科技大学,159
南京邮电大学,160
江苏科技大学,161
南京中医药大学,162
苏州科技大学,163
南京财经大学,164
江西理工大学,165
南京信息工程大学,166
江苏师范大学,167
南京医科大学,168
南京林业大学,169
江苏大学,170
南京工业大学,171
江西农业大学,172
扬州大学,173
江西师范大学,174
江西财经大学,175
东华理工大学,176
南昌航空大学,177
重庆医科大学,178
重庆师范大学,179
西南政法大学,180
南京体育学院,182
景德镇陶瓷大学,183
重庆邮电大学,184
江西中医药大学,185
上饶师范学院,186
重庆理工大学,187
辽东学院,188
赣南师范大学,189
江西科技师范大学,190
长江师范学院,191
宜春学院,192
四川外国语大学,193
九江学院,194
赣南医科大学,195
四川美术学院,196
井冈山大学,197
重庆三峡学院,198
石河子大学,199
鲁迅美术学院,200
中国刑事警察学院,201
沈阳医学院,202
沈阳体育学院,203
鞍山师范学院,204
辽宁中医药大学,205
沈阳音乐学院,206
锦州医科大学,207
大连民族大学,208
沈阳航空航天大学,209
大连海洋大学,210
大连工业大学,211
沈阳建筑大学,212
辽宁工业大学,213
渤海大学,214
沈阳化工大学,215
大连外国语大学,216
沈阳理工大学,217
大连大学,218
大连医科大学,219
大连交通大学,220
沈阳师范大学,221
辽宁科技大学,222
辽宁石油化工大学,223
沈阳大学,224
辽宁师范大学,225
沈阳药科大学,226
沈阳工业大学,227
沈阳农业大学,228
东北财经大学,229
中国医科大学,230
西南民族大学,231
成都理工大学,232
新疆农业大学,233
新疆医科大学,234
新疆师范大学,235
喀什大学,236
新疆财经大学,237
新疆艺术学院,238
昌吉学院,239
宁波大学,240
浙江师范大学,241
浙江工业大学,242
浙江理工大学,243
嘉兴大学,244
西华大学,245
浙江科技大学,246
中国计量大学,247
浙江海洋大学,248
浙江农林大学,249
浙江中医药大学,250
温州医科大学,251
杭州师范大学,252
湖州师范学院,253
台州学院,254
绍兴文理学院,255
温州大学,256
浙江工商大学,257
浙江财经大学,258
中国美术学院,259
浙江万里学院,260
山西大学,262
西南科技大学,263
成都中医药大学,264
四川师范大学,265
西华师范大学,266
中国民用航空飞行学院,267
西南石油大学,268
山西农业大学,269
成都信息工程大学,270
山西医科大学,271
山西师范大学,272
四川轻化工大学,273
西南医科大学,274
山西财经大学,275
川北医学院,276
中北大学,277
太原科技大学,278
长治医学院,279
忻州师范学院,280
山西大同大学,281
太原师范学院,282
汕头大学,283
深圳大学,284
五邑大学,285
广东工业大学,286
华南农业大学,287
广东海洋大学,288
广州中医药大学,289
广东外语外贸大学,290
东莞理工学院,291
广东石油化工学院,292
广州大学,293
广东医科大学,294
广州医科大学,295
广东药科大学,296
韩山师范学院,297
韶关学院,298
岭南师范学院,299
惠州学院,300
嘉应学院,301
广东财经大学,302
广州体育学院,303
广州美术学院,304
星海音乐学院,305
佛山科学技术学院,306
上海理工大学,307
上海工程技术大学,308
上海海洋大学,309
上海中医药大学,310
上海师范大学,311
上海第二工业大学,312
上海海事大学,313
安徽师范大学,314
上海应用技术大学,315
安徽工程大学,316
上海电力大学,317
上海对外经贸大学,318
上海立信会计金融学院,320
安徽建筑大学,322
华东政法大学,323
上海体育大学,324
皖南医学院,325
上海音乐学院,326
上海戏剧学院,327
淮北师范大学,328
上海杉达学院,329
西安交通大学,330
安徽科技学院,331
西北农林科技大学,332
淮南师范学院,333
陕西师范大学,334
安徽财经大学,335
延安大学,336
皖西学院,337
合肥大学,338
巢湖学院,339
铜陵学院,340
黄山学院,341
昆明理工大学,342
云南农业大学,343
云南师范大学,344
云南民族大学,345
西南林业大学,346
昆明医科大学,347
云南中医药大学,348
西安理工大学,349
玉溪师范学院,350
西安建筑科技大学,351
西安科技大学,352
楚雄师范学院,353
西安石油大学,354
红河学院,355
云南财经大学,356
陕西科技大学,357
西安工程大学,358
云南警官学院,359
云南艺术学院,360
西安工业大学,361
大理大学,362
西安邮电大学,363
西藏大学,364
陕西中医药大学,365
咸阳师范学院,366
青海大学,367
渭南师范学院,368
宝鸡文理学院,369
青海师范大学,370
陕西理工大学,371
青海民族大学,372
西安外国语大学,373
北华大学,374
西安财经大学,375
西北政法大学,376
长春大学,377
西安体育学院,378
长春理工大学,379
西安音乐学院,380
长春工业大学,381
西安美术学院,382
西安培华学院,383
吉林农业大学,384
湘潭大学,385
吉首大学,386
长春师范大学,387
湖南科技大学,388
长沙理工大学,389
吉林师范大学,390
南华大学,391
湖南农业大学,392
东北电力大学,393
长春工程学院,394
吉林建筑大学,395
湖南理工学院,396
湖南城市学院,397
湖南工业大学,398
湖南工程学院,399
吉林化工学院,400
中南林业科技大学,401
湖南中医药大学,402
湘南学院,403
长春中医药大学,404
吉林工程技术师范学院,405
衡阳师范学院,406
湖南工商大学,407
通化师范学院,408
湖南科技学院,409
白城师范学院,410
吉林外国语大学,411
吉林财经大学,412
吉林体育学院,413
中南财经政法大学,414
湖南文理学院,415
怀化学院,416
华中农业大学,417
邵阳学院,418
东北林业大学,419
华中师范大学,420
黑龙江大学,421
佳木斯大学,422
中南民族大学,423
齐齐哈尔大学,424
湖北大学,425
哈尔滨理工大学,426
黑龙江八一农垦大学,427
长江大学,428
哈尔滨医科大学,429
江汉大学,430
三峡大学,431
武汉纺织大学,432
湖北工业大学,433
武汉工程大学,434
湖北汽车工业学院,435
武汉轻工大学,436
湖北中医药大学,437
湖北医药学院,438
湖北师范大学,439
黄冈师范学院,440
黑龙江中医药大学,441
牡丹江师范学院,442
湖北工程学院,443
哈尔滨商业大学,444
湖北经济学院,445
东北石油大学,446
哈尔滨学院,447
武汉体育学院,448
黑龙江工程学院,449
黑龙江科技大学,450
湖北美术学院,451
湖北民族大学,452
牡丹江医学院,453
齐齐哈尔医学院,454
武汉音乐学院,455
黑龙江东方学院,456
湖北科技学院,457
郑州轻工业大学,458
河南大学,459
河南科技大学,460
湖北文理学院,461
河南农业大学,462
河南理工大学,463
华北水利水电大学,464
华侨大学,465
河南工业大学,466
福建农林大学,468
黄河科技学院,469
西藏民族大学,470
集美大学,471
仰恩大学,472
福建师范大学,473
福建理工大学,474
泉州师范学院,475
闽南师范大学,476
闽江学院,477
莆田学院,478
郑州航空工业管理学院,479
西北民族大学,480
中原工学院,481
新乡医学院,482
兰州理工大学,483
洛阳师范学院,484
周口师范学院,485
南阳师范学院,487
兰州交通大学,488
商丘师范学院,489
河南财经政法大学,490
青岛农业大学,491
甘肃农业大学,492
许昌学院,493
聊城大学,494
西北师范大学,495
临沂大学,496
甘肃中医药大学,498
青岛大学,499
兰州财经大学,500
甘肃政法大学,501
河西学院,502
海南大学,504
内蒙古科技大学,505
内蒙古民族大学,506
青岛科技大学,507
内蒙古工业大学,508
青岛理工大学,509
曲阜师范大学,510
海南师范大学,511
海南医学院,512
贵州师范大学,514
贵州医科大学,515
贵州民族大学,516
内蒙古农业大学,517
遵义医科大学,518
内蒙古师范大学,519
贵州财经大学,520
贵州中医药大学,521
黔南民族师范学院,522
遵义师范学院,523
内蒙古医科大学,525
山东工商学院,526
山东工艺美术学院,527
山东建筑大学,528
内蒙古财经大学,529
广西医科大学,530
广西师范大学,531
桂林电子科技大学,532
桂林理工大学,533
山东交通学院,534
山东财经大学,535
广西科技大学,536
山东科技大学,537
桂林医学院,538
玉林师范学院,539
山东理工大学,540
南宁师范大学,541
山东农业大学,542
广西民族大学,543
宁夏大学,544
北方民族大学,545
宁夏医科大学,546
齐鲁工业大学,547
山东体育学院,548
山东艺术学院,549
泰山学院,550
山东第一医科大学,551
潍坊学院,552
山东第二医科大学,553
烟台大学,554
鲁东大学,555
北京化工大学,556
中国农业大学,557
中国传媒大学,558
北京城市学院,559
北方工业大学,561
中央戏剧学院,562
北京电影学院,563
中央美术学院,564
北京电子科技学院,565
中央财经大学,566
北京服装学院,567
中华女子学院,568
中国政法大学,569
北京工商大学,570
中国音乐学院,571
北京建筑大学,572
北京协和医学院,573
中国戏曲学院,574
北京联合大学,575
中国人民公安大学,576
北京农学院,578
中国劳动关系学院,579
北京石油化工学院,580
外交学院,581
首钢工学院,583
首都医科大学,584
北京舞蹈学院,585
北京物资学院,586
首都体育学院,587
首都师范大学,589
北京印刷学院,590
华北电力大学保定校区,591
北京语言大学,592
国际关系学院,594
河北师范大学,595
河北医科大学,596
华北理工大学,597
河北农业大学,598
燕山大学,599
承德医学院,600
河北北方学院,601
河北工程大学,602
河北建筑工程学院,603
华北科技学院,604
河北地质大学,606
石家庄铁道大学,607
唐山学院,608
邢台学院,609
中国人民警察大学,610
中央司法警官学院,611
广东职业技术学院,612
广东工贸职业技术学院,613
广东机电职业技术学院,615
广东建设职业技术学院,616
广东交通职业技术学院,617
广东省外语艺术职业学院,619
广东水利电力职业技术学院,620
山东师范大学,622
唐山师范学院,624
廊坊师范学院,625
河北体育学院,626
衡水学院,627
石家庄学院,628
邯郸学院,629
广东文艺职业学院,630
广东亚视演艺职业学院,631
广州工程技术职业学院,632
广州工商学院,633
广州民航职业技术学院,635
广州南洋理工职业学院,636
广州铁路职业技术学院,638
揭阳职业技术学院,640
罗定职业技术学院,641
茂名职业技术学院,642
广东东软学院,643
广东南华工商职业学院,644
汕头职业技术学院,645
深圳职业技术大学,646
私立华联学院,647
中山火炬职业技术学院,648
珠海艺术职业学院,649
保定学院,650
沧州师范学院,651
沧州医学高等专科学校,652
防灾科技学院,653
上海海关学院,655
河北女子职业技术学院,658
河北美术学院,659
保定电力职业技术学院,660
电子科技大学,661
上海邦德职业技术学院,662
上海城建职业学院,663
上海出版印刷高等专科学校,664
上海电子信息职业技术学院,666
上海震旦职业学院,668
上海东海职业技术学院,669
上海工艺美术职业学院,671
上海海事职业技术学院,673
上海济光职业技术学院,674
上海建桥学院,676
上海交通职业技术学院,677
山东医学高等专科学校,678
上海科学技术职业学院,679
上海立达学院,680
上海农林职业技术学院,682
上海思博职业技术学院,683
上海兴伟学院,684
上海工商职业技术学院,685
上海行健职业学院,686
北华航天工业学院,687
河北水利电力学院,688
河北石油职业技术大学,689
邢台医学高等专科学校,690
河北民族师范学院,691
河北金融学院,692
河北化工医药职业技术学院,693
河北能源职业技术学院,695
张家口职业技术学院,696
河北科技工程职业技术大学,697
河北工业职业技术大学,698
沧州职业技术学院,700
石家庄职业技术学院,701
石家庄铁路职业技术学院,702
保定职业技术学院,703
邯郸职业技术学院,704
上海中侨职业技术大学,706
黑龙江林业职业技术学院,707
大庆职业学院,708
大兴安岭职业学院,709
哈尔滨电力职业技术学院,710
哈尔滨金融学院,711
哈尔滨铁道职业技术学院,712
哈尔滨职业技术学院,713
鹤岗师范高等专科学校,714
黑龙江建筑职业技术学院,715
黑龙江职业学院,716
河北软件职业技术学院,717
秦皇岛职业技术学院,718
唐山工业职业技术学院,720
河北工程技术学院,721
衡水职业技术学院,722
河北艺术职业学院,724
河北司法警官职业学院,725
河北旅游职业学院,726
唐山职业技术学院,727
石家庄科技信息职业学院,728
河北交通职业技术学院,729
廊坊职业技术学院,730
河北机电职业技术学院,731
黑龙江旅游职业技术学院,732
黑龙江能源职业学院,733
黑龙江民族职业学院,734
黑龙江农垦职业学院,737
黑龙江农业工程职业学院,738
黑龙江农业职业技术学院,739
黑龙江三江美术职业学院,740
黑龙江商业职业学院,741
黑龙江生态工程职业学院,742
唐山科技职业技术学院,744
石家庄邮电职业技术学院,746
河北公安警察职业学院,747
河北外国语学院,748
石家庄工程职业学院,750
石家庄工商职业学院,751
石家庄信息工程职业学院,753
石家庄财经职业学院,754
河北建材职业技术学院,756
河北政法职业学院,757
黑龙江司法警官职业学院,759
黑龙江艺术职业学院,762
哈尔滨信息工程学院,763
黑龙江农业经济职业学院,764
黑龙江工业学院,765
牡丹江大学,766
齐齐哈尔工程学院,767
伊春职业学院,768
成都工业学院,769
成都东软学院,770
成都航空职业技术学院,771
成都农业科技职业学院,772
成都艺术职业大学,773
成都职业技术学院,774
泸州职业技术学院,775
乐山职业技术学院,776
眉山职业技术学院,777
绵阳职业技术学院,778
四川电力职业技术学院,779
四川工商职业技术学院,780
四川国际标榜职业学院,781
四川旅游学院,782
民办四川天一学院,783
四川民族学院,784
阿坝师范学院,785
辽宁工程技术大学,786
南通大学,787
四川托普信息技术职业学院,788
四川职业技术学院,789
雅安职业技术学院,790
达州职业技术学院,791
广安职业技术学院,792
四川建筑职业技术学院,793
南充职业技术学院,794
四川工程职业技术大学,795
四川航天职业技术学院,796
四川化工职业技术学院,797
四川文理学院,798
四川机电职业技术学院,799
四川交通职业技术学院,800
四川工业科技学院,801
四川水利职业技术学院,802
四川司法警官职业学院,803
四川信息职业技术学院,804
四川邮电职业技术学院,805
襄阳职业技术学院,806
鄂州职业大学,808
湖北职业技术学院,810
湖北中医药高等专科学校,811
黄冈职业技术学院,812
武汉商学院,815
武汉职业技术学院,816
汉江师范学院,817
北京电子科技职业学院,818
首都师范大学科德学院,819
北京培黎职业学院,820
北京科技职业学院,821
吉利学院,822
北京汇佳职业学院,823
北京经贸职业学院,824
北京科技经营管理学院,825
中国地质大学（北京）,830
华北电力大学,831
中国石油大学（北京）,832
河南师范大学,833
安阳工学院,834
天津医学高等专科学校,835
天津电子信息职业技术学院,836
天津滨海职业学院,837
天津渤海职业技术学院,838
天津轻工职业技术学院,839
天津公安警官职业学院,840
天津机电职业技术学院,841
天津现代职业技术学院,845
天津市职业大学,846
天津交通职业学院,847
天津工业职业学院,848
天津工艺美术职业学院,849
天津城市职业学院,851
天津石油职业技术学院,852
南阳理工学院,853
天津国土资源和房屋职业学院,854
天津商务职业学院,855
天津艺术职业学院,857
天津中德应用技术大学,858
天津铁道职业技术学院,859
通辽职业学院,861
西安外事学院,862
西安思源学院,863
北京体育大学,866
南昌工程学院,867
南昌理工学院,868
江西科技学院,869
江西中医药高等专科学校,870
江西卫生职业学院,871
豫章师范学院,872
河南中医药大学,873
江西警察学院,874
首都经济贸易大学,875
信阳师范大学,876
安阳师范学院,878
北京信息科技大学,879
平顶山学院,880
北京青年政治学院,881
北京信息职业技术学院,882
河南科技学院,883
黄淮学院,884
北京工业职业技术学院,885
郑州警察学院,886
北京经济技术职业学院,887
萍乡学院,888
景德镇学院,889
漯河医学高等专科学校,890
新余学院,891
九江职业技术学院,893
河南工学院,894
江西工业职业技术学院,895
九江职业大学,896
北京政法职业学院,897
北京财贸职业学院,899
江西工业贸易职业技术学院,900
郑州电力高等专科学校,902
江西现代职业技术学院,904
北京京北职业技术学院,907
宜春职业技术学院,908
南昌职业大学,909
北京交通职业技术学院,910
北京戏曲艺术职业学院,911
北京北大方正软件职业技术学院,912
江西交通职业技术学院,913
抚州职业技术学院,914
武汉民政职业学院,915
江西应用工程职业学院,917
北京农业职业学院,918
山西中医药大学,919
运城学院,920
晋中学院,921
江西工程职业学院,922
江西科技职业学院,923
江西生物科技职业学院,925
江西外语外贸职业学院,926
江西司法警官职业学院,927
江西应用科技学院,928
西昌学院,929
江西电力职业技术学院,931
攀枝花学院,932
炎黄职业技术学院,933
西南大学,934
贵州大学,935
海军军医大学,936
中国人民解放军空军军医大学,937
中国人民解放军国防科技大学,939
江西旅游商贸职业学院,940
江西农业工程职业学院,941
江西青年职业学院,942
江西机电职业技术学院,943
江西陶瓷工艺美术职业技术学院,944
江西制造职业技术学院,946
上饶职业技术学院,947
江西应用技术职业学院,948
江西财经职业学院,949
江西艺术职业学院,950
赣西科技职业学院,951
江西飞行学院,952
江西航空职业技术学院,953
鹰潭职业技术学院,954
江西建设职业技术学院,955
江西工业工程职业技术学院,956
江西工程学院,957
江西信息应用职业技术学院,958
江西环境工程职业学院,959
南方医科大学,960
肇庆学院,961
广东警官学院,963
广东技术师范大学,964
广东培正学院,965
广东白云学院,966
广州航海学院,967
肇庆医学高等专科学校,968
广东农工商职业技术学院,970
佛山职业技术学院,971
广东松山职业技术学院,972
广东新安职业技术学院,973
顺德职业技术学院,974
潮汕职业技术学院,975
广东工商职业技术大学,976
广东理工学院,977
广州华南商贸职业学院,978
广州体育职业技术学院,979
广东司法警官职业学院,980
广州城市职业学院,981
广东邮电职业技术学院,983
清远职业技术学院,984
深圳信息职业技术学院,985
珠海城市职业技术学院,987
江门职业技术学院,988
惠州经济职业技术学院,989
广州华立科技职业学院,990
广东工程职业技术学院,991
广东理工职业学院,992
河源职业技术学院,993
阳江职业技术学院,994
广东岭南职业技术学院,995
广东女子职业技术学院,997
汕尾职业技术学院,998
广州现代信息工程职业技术学院,999
广州科技职业技术大学,1000
广州涉外经济职业技术学院,1001
广东科学技术职业学院,1002
广东行政职业学院,1004
广州康大职业技术学院,1005
中国矿业大学（北京）,1006
武汉科技大学,1007
长江工程职业技术学院,1008
重庆科技大学,1009
上海商学院,1010
上海政法学院,1011
大庆师范学院,1012
武汉铁路职业技术学院,1013
吉林农业科技学院,1014
随州职业技术学院,1015
武汉航海职业技术学院,1016
长沙南方职业学院,1017
重庆交通大学,1018
武汉警官职业学院,1019
福建医科大学,1020
福建中医药大学,1021
蚌埠医科大学,1022
阜阳师范大学,1023
安庆师范大学,1024
湖北理工学院,1026
湖北警官学院,1027
长沙学院,1029
广东金融学院,1031
右江民族医学院,1033
广西中医药大学,1034
河池学院,1035
伊犁师范大学,1036
重庆文理学院,1038
沈阳工程学院,1041
赤峰学院,1042
西安文理学院,1043
昆明学院,1044
黑河学院,1045
广西财经学院,1046
吉林医药学院,1047
金陵科技学院,1048
徐州工程学院,1049
河南职业技术学院,1050
江苏农牧科技职业学院,1051
湖北经济学院法商学院,1052
保险职业学院,1055
湖北三峡职业技术学院,1056
武汉交通职业学院,1059
厦门理工学院,1061
哈尔滨师范大学,1062
绥化学院,1063
淮阴师范学院,1064
南京工业职业技术大学,1065
浙江传媒学院,1066
辽宁科技学院,1067
湖北城市建设职业技术学院,1068
江苏工程职业技术学院,1069
湖南人文科技学院,1070
贵阳学院,1071
重庆工商大学,1073
湖北水利水电职业技术学院,1074
成都医学院,1075
文华学院,1077
绵阳师范学院,1082
内江师范学院,1083
宜宾学院,1084
乐山师范学院,1085
成都体育学院,1086
曲靖师范学院,1089
榆林学院,1090
塔里木大学,1091
上海电机学院,1092
西藏藏医药大学,1093
陇东学院,1094
天水师范学院,1095
广州南方学院,1096
苏州百年职业学院,1097
武汉华夏理工学院,1099
商丘医学高等专科学校,1100
西安航空学院,1102
武昌首义学院,1104
汉口学院,1105
长江职业学院,1106
北京金融科技学院,1110
北京工业大学耿丹学院,1112
郑州经贸学院,1114
北京邮电大学世纪学院,1115
江苏建筑职业技术学院,1116
江苏警官学院,1118
常州纺织服装职业技术学院,1121
三峡大学科技学院,1124
郑州财经学院,1125
陕西青年职业学院,1127
陕西航空职业技术学院,1128
中国矿业大学徐海学院,1129
陕西警官职业学院,1130
电子科技大学成都学院,1131
内蒙古化工职业学院,1132
中南林业科技大学涉外学院,1133
太原工业学院,1134
南京警察学院,1139
南京特殊教育师范学院,1140
南京铁道职业技术学院,1141
山东中医药大学,1142
南京理工大学泰州科技学院,1143
武汉工程科技学院,1144
东南大学成贤学院,1145
陕西经济管理职业技术学院,1146
郑州师范学院,1147
郑州工商学院,1148
郑州电子信息职业技术学院,1150
常州工程职业技术学院,1151
山西医科大学汾阳学院,1152
内蒙古交通职业技术学院,1153
钟山职业技术学院,1154
扬州工业职业技术学院,1155
郑州铁路职业技术学院,1156
武昌理工学院,1157
湖北医药学院药护学院,1158
武汉东湖学院,1159
空军预警学院,1160
商丘工学院,1161
湖北交通职业技术学院,1162
内蒙古电子信息职业技术学院,1163
内蒙古商贸职业学院,1164
菏泽医学专科学校,1165
辽宁理工学院,1166
保定理工学院,1167
青岛酒店管理职业技术学院,1168
武汉学院,1169
宿迁学院,1170
常州信息职业技术学院,1171
濮阳职业技术学院,1172
武汉城市学院,1176
成都纺织高等专科学校,1177
洛阳理工学院,1178
三江学院,1179
宿州学院,1180
苏州市职业大学,1181
常熟理工学院,1182
西安翻译学院,1184
西京学院,1185
厦门华天涉外职业技术学院,1186
鹤壁职业技术学院,1187
湖南涉外经济学院,1188
宁波工程学院,1189
南京财经大学红山学院,1190
无锡科技职业学院,1191
建东职业技术学院,1192
徐州工业职业技术学院,1193
天津生物工程职业技术学院,1195
安徽中医药大学,1196
长沙商贸旅游职业技术学院,1198
金山职业技术学院,1199
山西药科职业学院,1201
信阳农林学院,1203
山东警察学院,1204
山东航空学院,1210
武警后勤学院,1211
辽宁警察学院,1212
武警工程大学,1213
集美大学诚毅学院,1214
上海师范大学天华学院,1215
宁波诺丁汉大学,1216
北京大学医学部,1217
东北大学秦皇岛分校,1218
山东大学（威海）,1219
香港中文大学,1220
香港城市大学,1221
中国人民解放军战略支援部队信息工程大学,1222
解放军国际关系学院,1223
中国人民解放军西安通信学院,1224
陆军勤务学院,1226
中国人民解放军陆军军医大学,1227
陆军装甲兵学院,1229
空军工程大学,1230
火箭军工程大学,1231
重庆人文科技学院,1232
香港科技大学,1233
香港大学,1234
贵州工程应用技术学院,1236
济宁医学院,1238
常州工业职业技术学院,1239
宁夏师范学院,1241
呼伦贝尔学院,1242
长沙医学院,1243
辽宁对外经贸学院,1244
青岛滨海学院,1245
枣庄学院,1246
滁州学院,1247
海南热带海洋学院,1249
龙岩学院,1250
梧州学院,1251
百色学院,1252
陆军军事交通学院,1253
丽水学院,1255
北部湾大学,1256
长治学院,1257
河北科技师范学院,1258
贺州学院,1259
三明学院,1261
商洛学院,1262
安康学院,1263
菏泽学院,1264
西安医学院,1265
铜仁学院,1266
安顺学院,1267
凯里学院,1268
兰州城市学院,1269
香港演艺学院,1270
澳门理工大学,1272
长春科技学院,1274
北京师范大学-香港浸会大学联合国际学院,1275
吉林师范大学博达学院,1276
昆明医科大学海源学院,1277
四川文化产业职业学院,1278
山东政法学院,1279
昆明城市学院,1280
武汉体育学院体育科技学院,1281
西安海棠职业学院,1284
广州新华学院,1285
香港理工大学,1287
大连工业大学艺术与信息工程学院,1288
广州城建职业学院,1289
吉林艺术学院,1291
广州应用科技学院,1297
北京理工大学珠海学院,1298
平顶山工业职业技术学院,1301
上海外国语大学贤达经济人文学院,1304
大连理工大学城市学院,1305
黄河交通学院,1307
广州软件学院,1308
陆军防化学院,1309
解放军陆军航空兵学院,1310
中国人民解放军战略支援部队航天工程大学,1311
陆军工程大学,1312
长春电子科技学院,1314
武汉纺织大学外经贸学院,1316
中国人民解放军海军航空大学,1321
河南工程学院,1323
河南开封科技传媒学院,1324
天津海运职业学院,1327
黑龙江外国语学院,1328
三亚学院,1329
江苏食品药品职业技术学院,1330
辽宁商贸职业学院,1332
新疆农业职业技术学院,1333
郑州旅游职业学院,1334
新疆轻工职业技术学院,1335
日照职业技术学院,1336
山西老区职业技术学院,1340
浙江商业职业技术学院,1341
西交利物浦大学,1343
湖州职业技术学院,1345
重庆科创职业学院,1348
浙江建设职业技术学院,1349
浙江经贸职业技术学院,1350
台州职业技术学院,1351
四川警察学院,1352
浙江工商职业技术学院,1353
浙江横店影视职业学院,1354
浙江机电职业技术学院,1355
湖北第二师范学院,1356
浙江金融职业学院,1357
苏州工业职业技术学院,1359
无锡工艺职业技术学院,1361
浙江水利水电学院,1364
聊城职业技术学院,1369
南京交通职业技术学院,1370
新疆交通职业技术学院,1372
吉林动画学院,1373
广西艺术学院,1374
四川音乐学院,1375
南京信息职业技术学院,1376
北京劳动保障职业学院,1378
海南职业技术学院,1382
陕西交通职业技术学院,1383
河北传媒学院,1387
苏州卫生职业技术学院,1388
海南软件职业技术学院,1390
海口经济学院,1391
新疆建设职业技术学院,1392
内蒙古机电职业技术学院,1394
四川工商学院,1395
金肯职业技术学院,1397
燕京理工学院,1398
楚雄医药高等专科学校,1399
青岛城市学院,1400
北京中医药大学东方学院,1401
河北地质大学华信学院,1402
无锡学院,1403
海南经贸职业技术学院,1404
江苏医药职业学院,1405
江苏信息职业技术学院,1406
马鞍山职业技术学院,1407
河北师范大学汇华学院,1408
长春建筑学院,1409
三门峡职业技术学院,1410
苏州经贸职业技术学院,1412
武汉工程职业技术学院,1413
西安财经大学行知学院,1415
江苏航运职业技术学院,1418
长春工业大学人文信息学院,1419
山西职业技术学院,1420
武汉商贸职业学院,1424
晋城职业技术学院,1428
安徽医学高等专科学校,1429
河南警察学院,1430
南开大学滨海学院,1431
海南科技职业大学,1432
武昌职业学院,1433
江苏农林职业技术学院,1434
无锡职业技术学院,1435
江苏海事职业技术学院,1436
江苏大学京江学院,1437
南京师范大学泰州学院,1442
山西金融职业学院,1444
石家庄医学高等专科学校,1445
烟台理工学院,1446
苏州农业职业技术学院,1449
遵义医药高等专科学校,1451
江南影视艺术职业学院,1453
陕西电子信息职业技术学院,1454
珠海科技学院,1455
北京第二外国语学院中瑞酒店管理学院,1456
哈尔滨工业大学（威海）,1457
江海职业技术学院,1459
沧州交通学院,1461
上海视觉艺术学院,1469
重庆对外经贸学院,1472
重庆外语外事学院,1473
重庆城市科技学院,1474
重庆财经学院,1475
重庆移通学院,1476
重庆工商大学派斯学院,1477
重庆工业职业技术学院,1478
重庆电力高等专科学校,1479
重庆工贸职业技术学院,1480
重庆航天职业技术学院,1481
重庆财经职业学院,1483
重庆水利电力职业技术学院,1484
重庆机电职业技术大学,1485
重庆城市职业学院,1486
重庆三峡职业学院,1487
重庆电子工程职业学院,1488
重庆第二师范学院,1489
重庆建筑工程职业学院,1490
重庆医药高等专科学校,1491
重庆传媒职业学院,1492
重庆警察学院,1493
重庆青年职业技术学院,1494
重庆三峡医药高等专科学校,1495
重庆工商职业学院,1496
重庆海联职业技术学院,1498
重庆工程学院,1499
重庆信息技术职业学院,1500
重庆应用技术职业学院,1501
南阳医学高等专科学校,1502
荆楚理工学院,1505
黎明职业大学,1506
山东轻工职业学院,1510
郑州工业应用技术学院,1512
山东职业学院,1513
河南城建学院,1518
亳州学院,1519
开封大学,1520
琼台师范学院,1521
重庆能源职业学院,1523
乌兰察布职业学院,1524
包头职业技术学院,1525
中原科技学院,1530
信阳学院,1532
河北东方学院,1539
山东财经大学东方学院,1540
昌吉职业技术学院,1541
连云港师范高等专科学校,1542
江苏城市职业学院,1543
南通理工学院,1544
内蒙古体育职业学院,1545
长春汽车职业技术大学,1546
河南工业职业技术学院,1547
山西林业职业技术学院,1548
大连财经学院,1549
集宁师范学院,1550
湖北生态工程职业技术学院,1551
常州大学怀德学院,1553
漯河职业技术学院,1554
青海大学昆仑学院,1555
福州黎明职业技术学院,1556
武汉设计工程学院,1557
延安大学西安创新学院,1558
兰州博文科技学院,1559
天津广播影视职业学院,1560
黔南民族医学高等专科学校,1561
遵义职业技术学院,1562
六盘水职业技术学院,1563
贵州商学院,1564
铜仁职业技术学院,1565
安徽涉外经济职业学院,1566
安顺职业技术学院,1567
青海建筑职业技术学院,1568
青海交通职业技术学院,1569
贵州师范学院,1570
黔东南民族职业技术学院,1572
内蒙古鸿德文理学院,1573
内蒙古建筑职业技术学院,1574
河北医科大学临床学院,1576
河北经贸大学经济管理学院,1577
石家庄铁道大学四方学院,1578
河北农业大学现代科技学院,1581
燕山大学里仁学院,1585
河北工程大学科信学院,1586
福建电力职业技术学院,1587
兰州外语职业学院,1588
无锡商业职业技术学院,1589
贵阳职业技术学院,1590
江苏经贸职业技术学院,1591
重庆商务职业学院,1592
重庆电讯职业学院,1593
重庆工程职业技术学院,1595
六盘水师范学院,1596
无锡南洋职业技术学院,1597
天津城市建设管理职业技术学院,1600
天津仁爱学院,1601
冀中职业学院,1602
河北劳动关系职业学院,1603
吉林工商学院,1604
长春金融高等专科学校,1605
吉林警察学院,1606
长春医学高等专科学校,1607
白城医学高等专科学校,1608
辽源职业技术学院,1609
四平职业大学,1610
吉林交通职业技术学院,1611
吉林司法警官职业学院,1612
吉林电子信息职业技术学院,1613
吉林工业职业技术学院,1614
吉林工程职业学院,1615
长春职业技术学院,1616
松原职业技术学院,1617
吉林铁道职业技术学院,1618
白城职业技术学院,1619
吉林建筑科技学院,1620
长春人文学院,1621
长春东方职业学院,1622
长春信息技术职业学院,1623
河套学院,1624
兴安职业技术学院,1625
呼和浩特职业学院,1626
包头轻工职业技术学院,1627
锡林郭勒职业学院,1628
内蒙古警察职业学院,1629
科尔沁艺术职业学院,1630
包头钢铁职业技术学院,1631
乌海职业技术学院,1632
内蒙古科技职业学院,1633
内蒙古经贸外语职业学院,1634
内蒙古北方职业技术学院,1636
内蒙古丰州职业学院,1637
吕梁学院,1638
山西省财政税务专科学校,1639
山西警察学院,1640
运城幼儿师范高等专科学校,1641
太原学院,1642
长治职业技术学院,1643
山西艺术职业学院,1644
山西工程职业学院,1645
山西机电职业技术学院,1647
山西财贸职业技术学院,1648
山西水利职业技术学院,1649
山西工程技术学院,1650
临汾职业技术学院,1651
太原城市职业技术学院,1653
山西体育职业学院,1654
山西警官职业学院,1655
山西国际商务职业学院,1656
潞安职业技术学院,1657
太原旅游职业学院,1658
山西旅游职业学院,1659
山西管理职业学院,1660
山西电力职业技术学院,1661
忻州职业技术学院,1662
晋中职业技术学院,1663
山西运城农业职业技术学院,1664
山西工程科技职业大学,1665
山西信息职业技术学院,1666
山西同文职业技术学院,1667
山西应用科技学院,1669
山西华澳商贸职业学院,1670
朝阳师范高等专科学校,1671
抚顺师范高等专科学校,1672
锦州师范高等专科学校,1673
铁岭师范高等专科学校,1674
阜新高等专科学校,1675
辽宁省交通高等专科学校,1676
营口职业技术学院,1677
大连职业技术学院,1678
辽宁农业职业技术学院,1679
抚顺职业技术学院,1680
辽阳职业技术学院,1681
盘锦职业技术学院,1682
沈阳航空职业技术学院,1683
辽宁职业学院,1685
沈阳职业技术学院,1687
辽宁金融职业学院,1688
辽宁机电职业技术学院,1690
辽宁经济职业技术学院,1691
辽宁石化职业技术学院,1692
渤海船舶职业学院,1693
辽宁装备制造职业技术学院,1694
辽宁地质工程职业学院,1696
沈阳工学院,1697
大连软件职业学院,1698
大连枫叶职业技术学院,1700
辽宁传媒学院,1701
辽宁理工职业大学,1702
辽宁广告职业学院,1704
甘肃医学院,1705
陇南师范高等专科学校,1706
兰州工业学院,1707
定西师范高等专科学校,1708
兰州石化职业技术大学,1710
兰州文理学院,1711
甘肃建筑职业技术学院,1712
酒泉职业技术学院,1713
兰州职业技术学院,1714
甘肃警察职业学院,1715
甘肃林业职业技术学院,1716
甘肃工业职业技术学院,1717
武威职业学院,1718
甘肃交通职业技术学院,1719
兰州资源环境职业技术大学,1720
甘肃农业职业技术学院,1721
甘肃畜牧工程职业技术学院,1722
甘肃钢铁职业技术学院,1723
上海电影艺术职业学院,1724
上海民远职业技术学院,1726
上海工商外国语职业学院,1727
广西体育高等专科学校,1728
广西科技师范学院,1729
桂林师范高等专科学校,1730
桂林航天工业学院,1731
桂林旅游学院,1732
广西警察学院,1734
广西机电职业技术学院,1735
南宁职业技术学院,1736
广西水利电力职业技术学院,1737
广西职业技术学院,1738
柳州职业技术学院,1739
广西生态工程职业技术学院,1740
广西交通职业技术学院,1741
广西工业职业技术学院,1742
广西国际商务职业技术学院,1743
广西农业职业技术大学,1744
柳州铁道职业技术学院,1745
广西建设职业技术学院,1746
北海职业学院,1749
广西经贸职业技术学院,1750
广西工商职业技术学院,1751
广西电力职业技术学院,1752
柳州城市职业学院,1753
百色职业学院,1754
广西英华国际职业学院,1755
广西城市职业大学,1756
广西工程职业学院,1757
北海艺术设计学院,1758
桂林山水职业学院,1759
广西演艺职业学院,1761
南宁学院,1762
浙江警察学院,1763
武警海警学院,1764
浙江药科职业大学,1765
杭州医学院,1766
宁波职业技术学院,1767
温州职业技术学院,1768
浙江交通职业技术学院,1769
金华职业技术学院,1770
宁波城市职业技术学院,1771
浙江同济科技职业学院,1773
浙江工贸职业技术学院,1774
浙江艺术职业学院,1775
浙江经济职业技术学院,1776
浙江旅游职业学院,1777
浙江警官职业学院,1778
浙江工业职业技术学院,1779
杭州职业技术学院,1780
嘉兴职业技术学院,1781
衢州职业技术学院,1782
丽水职业技术学院,1783
义乌工商职业技术学院,1784
浙江纺织服装职业技术学院,1785
浙江邮电职业技术学院,1786
宁波卫生职业技术学院,1787
台州科技职业学院,1788
浙江国际海运职业技术学院,1789
浙江体育职业技术学院,1790
浙江树人学院,1791
绍兴职业技术学院,1792
浙江育英职业技术学院,1793
浙江广厦建设职业技术大学,1794
浙江长征职业技术学院,1795
杭州万向职业技术学院,1796
嘉兴南洋职业技术学院,1797
浙江东方职业技术学院,1798
蚌埠学院,1799
池州学院,1800
合肥师范学院,1801
安徽中医药高等专科学校,1802
马鞍山师范高等专科学校,1803
安庆医药高等专科学校,1804
安徽职业技术学院,1805
淮北职业技术学院,1806
芜湖职业技术学院,1807
淮南联合大学,1808
安徽商贸职业技术学院,1809
安徽水利水电职业技术学院,1810
阜阳职业技术学院,1811
铜陵职业技术学院,1812
安徽警官职业学院,1813
淮南职业技术学院,1814
安徽工业经济职业技术学院,1815
合肥通用职业技术学院,1816
安徽工贸职业技术学院,1817
宿州职业技术学院,1818
六安职业技术学院,1819
安徽电子信息职业技术学院,1820
安徽交通职业技术学院,1821
安徽体育运动职业技术学院,1822
合肥职业技术学院,1823
滁州职业技术学院,1824
池州职业技术学院,1825
宣城职业技术学院,1826
安徽广播影视职业技术学院,1827
安徽电气工程职业技术学院,1828
安徽冶金科技职业学院,1829
安徽城市管理职业学院,1830
安徽机电职业技术学院,1831
安徽工商职业学院,1832
安徽中澳科技职业学院,1833
亳州职业技术学院,1834
安徽国防科技职业学院,1835
安庆职业技术学院,1836
安徽艺术职业学院,1837
安徽财贸职业学院,1838
安徽国际商务职业学院,1839
安徽林业职业技术学院,1841
安徽审计职业学院,1842
安徽新闻出版职业技术学院,1843
安徽邮电职业技术学院,1844
安徽工业职业技术学院,1845
安徽三联学院,1847
安徽新华学院,1848
民办万博科技职业学院,1849
合肥共达职业技术学院,1850
安徽绿海商务职业学院,1851
民办合肥经济技术职业学院,1852
民办合肥财经职业学院,1853
阜阳科技职业学院,1854
安徽文达信息工程学院,1855
蚌埠经济技术职业学院,1857
武夷学院,1858
福建警察学院,1859
宁德师范学院,1860
福建商学院,1861
厦门医学院,1862
泉州医学高等专科学校,1863
福建船政交通职业学院,1864
漳州职业技术学院,1865
闽西职业技术学院,1866
福州职业技术学院,1867
福建林业职业技术学院,1868
福建信息职业技术学院,1869
福建水利电力职业技术学院,1870
厦门海洋职业技术学院,1871
福建农业职业技术学院,1872
福建卫生职业技术学院,1873
闽北职业技术学院,1875
泉州经贸职业技术学院,1876
湄洲湾职业技术学院,1878
福建生物工程职业技术学院,1879
福建艺术职业学院,1880
厦门城市职业学院,1881
泉州工艺美术职业学院,1882
三明医学科技职业学院,1883
宁德职业技术学院,1884
福建体育职业技术学院,1885
漳州城市职业学院,1886
漳州卫生职业学院,1887
厦门大学嘉庚学院,1888
阳光学院,1889
福建师范大学协和学院,1890
福州工商学院,1891
闽南科技学院,1892
福州大学至诚学院,1893
福建农林大学金山学院,1894
闽南理工学院,1895
福州英华职业学院,1896
厦门华厦学院,1897
泉州纺织服装职业学院,1898
福建华南女子职业学院,1899
厦门演艺职业学院,1900
武夷山职业学院,1901
泉州海洋职业学院,1902
泉州职业技术大学,1903
厦门南洋职业学院,1904
漳州科技职业学院,1905
厦门东海职业技术学院,1906
厦门软件职业技术学院,1907
厦门兴才职业技术学院,1908
泉州信息工程学院,1909
漳州理工职业学院,1911
泉州华光职业学院,1912
福州理工学院,1913
福州软件职业技术学院,1914
福州科技职业技术学院,1915
西藏警官高等专科学校,1916
拉萨师范高等专科学校,1917
西藏职业技术学院,1918
新乡学院,1919
河南财政金融学院,1920
焦作师范高等专科学校,1921
郑州工程技术学院,1922
焦作大学,1923
黄河水利职业技术学院,1924
许昌职业技术学院,1925
商丘职业技术学院,1926
周口职业技术学院,1927
济源职业技术学院,1928
河南司法警官职业学院,1929
河南检察职业学院,1930
河南质量工程职业学院,1931
郑州信息科技职业学院,1932
信阳职业技术学院,1933
郑州工业安全职业学院,1934
永城职业学院,1935
河南经贸职业学院,1936
河南交通职业技术学院,1937
河南农业职业学院,1938
郑州职业技术学院,1939
河南工业贸易职业学院,1940
新乡医学院三全学院,1941
郑州澍青医学高等专科学校,1942
嵩山少林武术职业学院,1943
郑州电力职业技术学院,1944
荆州理工职业学院,1945
湖北工业职业技术学院,1946
武汉船舶职业技术学院,1947
恩施职业技术学院,1948
荆州职业技术学院,1949
仙桃职业学院,1950
湖北轻工职业技术学院,1951
武汉软件工程职业学院,1952
武汉电力职业技术学院,1953
湖北生物科技职业学院,1954
湖北艺术职业学院,1955
咸宁职业技术学院,1956
江汉艺术职业学院,1957
湖北黄冈应急管理职业技术学院,1958
湖北财税职业学院,1959
湖北国土资源职业学院,1960
三峡电力职业学院,1961
湖北大学知行学院,1963
武汉工商学院,1964
湖北工业大学工程技术学院,1965
湖北商贸学院,1966
武昌工学院,1967
武汉工程大学邮电与信息工程学院,1968
湖北汽车工业学院科技学院,1969
湖北师范大学文理学院,1970
湖北文理学院理工学院,1971
长江大学文理学院,1972
荆州学院,1973
武汉晴川学院,1974
武汉生物工程学院,1975
武汉工贸职业学院,1976
武汉外语外事职业学院,1977
湖北开放职业学院,1978
武汉信息传播职业技术学院,1979
武汉科技职业学院,1980
黄冈科技职业学院,1981
湖北科技职业学院,1982
湖南工学院,1983
长沙航空职业技术学院,1984
湖南财政经济学院,1985
湖南警察学院,1986
湖南医药学院,1987
湖南中医药高等专科学校,1988
长沙师范学院,1990
益阳医学高等专科学校,1991
长沙民政职业技术学院,1992
湖南工业职业技术学院,1993
湖南信息职业技术学院,1994
湖南女子学院,1995
湖南大众传媒职业技术学院,1996
永州职业技术学院,1997
湖南铁道职业技术学院,1998
湖南科技职业学院,1999
湖南交通职业技术学院,2000
湖南商务职业技术学院,2001
湖南体育职业学院,2002
湖南工程职业技术学院,2003
湖南外贸职业学院,2004
湖南网络工程职业学院,2005
邵阳职业技术学院,2006
湖南司法警官职业学院,2007
湖南环境生物职业技术学院,2008
湖南邮电职业技术学院,2009
湘潭医卫职业技术学院,2010
郴州职业技术学院,2011
娄底职业技术学院,2012
张家界航空工业职业技术学院,2013
长沙环境保护职业技术学院,2014
湖南艺术职业学院,2015
湖南机电职业技术学院,2016
长沙职业技术学院,2017
怀化职业技术学院,2018
岳阳职业技术学院,2019
常德职业技术学院,2020
湖南化工职业技术学院,2021
湖南城建职业技术学院,2022
湖南石油化工职业技术学院,2023
湖南民族职业学院,2024
湘西民族职业技术学院,2025
湖南财经工业职业技术学院,2026
益阳职业技术学院,2027
湖南工艺美术职业学院,2028
湖南理工职业技术学院,2029
湖南汽车工程职业学院,2030
长沙电力职业技术学院,2031
湖南水利水电职业技术学院,2032
湖南现代物流职业技术学院,2033
湖南高速铁路职业技术学院,2034
湖南铁路科技职业技术学院,2035
湖南安全技术职业学院,2036
湖南电气职业技术学院,2037
湖南信息学院,2038
湖南应用技术学院,2039
湖南交通工程学院,2040
湖南九嶷职业技术学院,2041
湖南软件职业技术大学,2042
湖南外国语职业学院,2044
娄底潇湘职业学院,2045
湖南电子科技职业学院,2046
湖南都市职业学院,2047
广东轻工职业技术学院,2048
广东食品药品职业学院,2049
广东体育职业技术学院,2050
广东科贸职业学院,2051
广州科技贸易职业学院,2052
中山职业技术学院,2053
广州商学院,2055
广州华立学院,2056
华南农业大学珠江学院,2057
广州理工学院,2058
广州城市理工学院,2059
广州华商学院,2060
广东外语外贸大学南国商学院,2061
广州珠江职业技术学院,2062
广州松田职业学院,2063
广东文理职业学院,2064
和田师范专科学校,2065
新疆工程学院,2066
新疆维吾尔医学专科学校,2067
新疆警察学院,2068
乌鲁木齐职业大学,2070
克拉玛依职业技术学院,2071
伊犁职业技术学院,2073
阿克苏职业技术学院,2074
巴音郭楞职业技术学院,2075
新疆石河子职业技术学院,2076
新疆现代职业技术学院,2077
新疆能源职业技术学院,2078
新疆天山职业技术大学,2079
重庆城市管理职业学院,2080
重庆建筑科技职业学院,2081
四川中医药高等专科学校,2082
内江职业技术学院,2083
宜宾职业技术学院,2084
四川商务职业学院,2085
四川铁道职业学院,2086
四川艺术职业学院,2087
四川财经职业学院,2088
四川科技职业学院,2090
四川华新现代职业学院,2091
四川文化传媒职业学院,2092
济宁学院,2093
山东电力高等专科学校,2094
淄博师范高等专科学校,2095
山东中医药高等专科学校,2096
山东商业职业技术学院,2097
青岛职业技术学院,2098
威海职业学院,2099
山东劳动职业技术学院,2100
莱芜职业技术学院,2101
济宁职业技术学院,2102
潍坊职业学院,2103
烟台职业学院,2104
东营职业学院,2105
滨州职业学院,2106
山东科技职业学院,2107
山东服装职业学院,2108
山东水利职业学院,2109
山东畜牧兽医职业学院,2110
山东交通职业学院,2111
淄博职业学院,2112
山东外贸职业学院,2113
山东信息职业技术学院,2114
青岛港湾职业技术学院,2115
山东胜利职业学院,2116
山东经贸职业学院,2117
山东工业职业学院,2118
山东化工职业学院,2119
济南职业学院,2120
济南工程职业技术学院,2121
山东电子职业技术学院,2122
山东旅游职业学院,2123
山东铝业职业学院,2124
泰山职业技术学院,2125
山东药品食品职业学院,2126
山东商务职业学院,2127
山东城市建设职业学院,2128
烟台汽车工程职业学院,2129
山东司法警官职业学院,2130
菏泽家政职业学院,2131
山东石油化工学院,2132
山东英才学院,2133
潍坊科技学院,2134
齐鲁医药学院,2135
烟台南山学院,2136
曲阜远东职业技术学院,2137
山东圣翰财贸职业学院,2138
山东力明科技职业学院,2139
德州科技职业学院,2140
青岛恒星科技学院,2141
潍坊工商职业学院,2142
枣庄科技职业学院,2143
山东外国语职业技术大学,2144
东营科技职业学院,2145
山东工程职业技术大学,2146
山东外事职业大学,2148
青岛求实职业技术学院,2149
山东现代学院,2150
青岛飞洋职业技术学院,2152
山东华宇工学院,2154
青岛黄海学院,2155
昭通学院,2157
普洱学院,2158
昆明冶金高等专科学校,2159
曲靖医学高等专科学校,2161
保山中医药高等专科学校,2162
丽江师范高等专科学校,2163
德宏师范高等专科学校,2164
滇西科技师范学院,2165
云南国土资源职业学院,2166
云南交通职业技术学院,2167
昆明工业职业技术学院,2168
云南农业职业技术学院,2169
云南司法警官职业学院,2170
云南文化艺术职业学院,2171
云南体育运动职业技术学院,2172
西双版纳职业技术学院,2173
玉溪农业职业技术学院,2174
云南能源职业技术学院,2175
云南国防工业职业技术学院,2177
云南机电职业技术学院,2178
云南林业职业技术学院,2179
云南锡业职业技术学院,2180
昆明文理学院,2181
云南工程职业学院,2182
云南城市建设职业学院,2183
云南经济管理学院,2184
云南工商学院,2185
昆明艺术职业学院,2186
云南新兴职业学院,2187
云南科技信息职业学院,2188
哈尔滨体育学院,2189
齐齐哈尔高等师范专科学校,2190
大庆医学高等专科学校,2191
黑龙江幼儿师范高等专科学校,2192
黑龙江公安警官职业学院,2193
七台河职业学院,2194
黑龙江交通职业技术学院,2195
哈尔滨科学技术职业学院,2196
哈尔滨应用职业技术学院,2199
哈尔滨城市职业学院,2200
镇江市高等专科学校,2201
苏州工艺美术职业技术学院,2202
连云港职业技术学院,2203
南通职业大学,2204
沙洲职业工学院,2206
泰州职业技术学院,2207
南通科技职业学院,2209
江苏电子信息职业学院,2210
苏州工业园区职业技术学院,2211
南京科技职业学院,2212
宿迁职业技术学院,2213
常州机电职业技术学院,2214
江阴职业技术学院,2215
无锡城市职业技术学院,2216
苏州健雄职业技术学院,2217
盐城工业职业技术学院,2218
江苏财经职业技术学院,2219
南京机电职业技术学院,2220
江苏卫生健康职业学院,2221
无锡太湖学院,2222
苏州托普信息职业技术学院,2223
应天职业技术学院,2224
硅湖职业技术学院,2225
九州职业技术学院,2226
太湖创意职业技术学院,2227
正德职业技术学院,2228
昆山登云科技职业学院,2229
南京视觉艺术职业学院,2230
西安电力高等专科学校,2231
陕西工业职业技术学院,2232
杨凌职业技术学院,2233
陕西能源职业技术学院,2234
陕西国防工业职业技术学院,2235
西安航空职业技术学院,2236
陕西财经职业技术学院,2237
陕西职业技术学院,2238
陕西铁路工程职业技术学院,2239
宝鸡职业技术学院,2240
陕西邮电职业技术学院,2241
西安铁路职业技术学院,2242
咸阳职业技术学院,2243
西安职业技术学院,2244
商洛职业技术学院,2245
汉中职业技术学院,2246
延安职业技术学院,2247
渭南职业技术学院,2248
安康职业技术学院,2249
铜川职业技术学院,2250
西北大学现代学院,2252
西安建筑科技大学华清学院,2253
陕西科技大学镐京学院,2254
陕西国际商贸学院,2255
西安欧亚学院,2256
西安汽车职业大学,2257
陕西旅游烹饪职业学院,2258
西安信息职业大学,2259
西安交通工程学院,2260
西安城市建设职业学院,2263
西安高新科技职业学院,2264
贵州警察学院,2266
贵州交通职业技术学院,2267
贵州航天职业技术学院,2268
贵州电子信息职业技术学院,2269
黔南民族职业技术学院,2270
黔西南民族职业技术学院,2272
贵州轻工职业技术学院,2273
贵阳康养职业大学,2274
贵州黔南科技学院,2275
贵阳信息科技学院,2276
贵州城市职业学院,2277
青海卫生职业技术学院,2278
青海警官职业学院,2279
青海农牧科技职业学院,2280
宁夏民族职业技术学院,2281
宁夏工业职业学院,2282
宁夏职业技术学院,2283
宁夏工商职业技术学院,2284
宁夏财经职业技术学院,2285
宁夏警官职业学院,2286
宁夏建设职业技术学院,2287
宁夏理工学院,2288
银川能源学院,2289
海南政法职业学院,2290
海南外国语职业学院,2291
三亚城市职业学院,2292
三亚航空旅游职业学院,2293
北京社会管理职业学院,2294
天津传媒学院,2297
天津商业大学宝德学院,2298
天津医科大学临床医学院,2299
北京科技大学天津学院,2300
天津师范大学津沽学院,2301
天津理工大学中环信息学院,2302
天津财经大学珠江学院,2303
天津天狮学院,2304
河北对外经贸职业学院,2305
河北正定师范高等专科学校,2306
沧州幼儿师范高等专科学校,2307
宣化科技职业学院,2308
石家庄人民医学高等专科学校,2309
石家庄科技职业学院,2310
石家庄理工职业学院,2311
长白山职业技术学院,2312
长春光华学院,2313
长春财经学院,2314
长春大学旅游学院,2315
呼和浩特民族学院,2316
乌兰察布医学高等专科学校,2317
包头铁道职业技术学院,2318
鄂尔多斯职业学院,2319
内蒙古大学创业学院,2320
山西经贸职业学院,2322
朔州职业技术学院,2323
山西铁道职业技术学院,2324
山西工学院,2325
晋中信息学院,2326
山西电子科技学院,2327
山西晋中理工学院,2328
山西科技学院,2329
山西医科大学晋祠学院,2330
山西财经大学华商学院,2331
运城职业技术大学,2332
辽宁铁道职业技术学院,2333
辽宁建筑职业学院,2334
辽宁现代服务职业技术学院,2335
沈阳城市学院,2337
大连科技学院,2338
辽宁师范大学海华学院,2342
沈阳城市建设学院,2343
辽宁中医药大学杏林学院,2344
辽宁何氏医学院,2346
锦州医科大学医疗学院,2347
大连医科大学中山学院,2348
沈阳科技学院,2350
大连东软信息学院,2351
辽宁财贸学院,2352
大连艺术学院,2353
大连航运职业技术学院,2354
大连装备制造职业技术学院,2356
大连汽车职业技术学院,2357
甘肃民族师范学院,2358
兰州工商学院,2360
兰州信息科技学院,2361
上海旅游高等专科学校,2362
广西民族师范学院,2364
广西幼儿师范高等专科学校,2365
桂林学院,2366
桂林信息科技学院,2367
柳州工学院,2368
南宁师范大学师园学院,2369
广西民族大学相思湖学院,2370
广西中医药大学赛恩斯新医药学院,2372
梧州职业学院,2374
广西理工职业技术学院,2375
广西经济职业学院,2376
温州科技职业学院,2377
杭州科技职业技术学院,2378
浙大城市学院,2379
浙大宁波理工学院,2380
浙江工业大学之江学院,2381
浙江师范大学行知学院,2382
宁波大学科学技术学院,2383
杭州电子科技大学信息工程学院,2384
浙江理工大学科技与艺术学院,2385
浙江农林大学暨阳学院,2387
温州医科大学仁济学院,2388
浙江中医药大学滨江学院,2389
杭州师范大学钱江学院,2390
湖州学院,2391
绍兴文理学院元培学院,2392
温州理工学院,2393
浙江工商大学杭州商学院,2394
中国计量大学现代科技学院,2395
浙江财经大学东方学院,2396
嘉兴南湖学院,2397
温州商学院,2398
同济大学浙江学院,2399
上海财经大学浙江学院,2400
宁波财经学院,2401
浙江越秀外国语学院,2402
浙江汽车职业技术学院,2403
徽商职业学院,2404
合肥理工学院,2405
芜湖学院,2406
合肥经济学院,2407
安徽医科大学临床医学院,2408
马鞍山学院,2409
蚌埠工商学院,2410
淮北理工学院,2411
合肥城市学院,2412
安徽信息工程学院,2413
阜阳理工学院,2414
皖江工学院,2415
安徽矿业职业技术学院,2416
民办安徽旅游职业学院,2417
合肥信息技术职业学院,2418
民办合肥滨湖职业技术学院,2419
安徽现代信息工程职业学院,2420
厦门工学院,2421
泉州轻工职业学院,2422
厦门安防科技职业学院,2423
江西冶金职业技术学院,2424
江西传媒职业学院,2426
南昌大学科学技术学院,2427
江西农业大学南昌商学院,2428
江西师范大学科学技术学院,2429
南昌交通学院,2430
赣南科技学院,2431
赣东学院,2432
南昌航空大学科技学院,2433
南昌医学院,2434
江西财经大学现代经济管理学院,2435
赣南师范大学科技学院,2436
景德镇艺术职业大学,2437
南昌应用技术师范学院,2438
南昌大学共青学院,2439
江西泰豪动漫职业学院,2440
江西新能源科技职业学院,2441
江西枫林涉外经贸职业学院,2442
河南建筑职业技术学院,2444
安阳职业技术学院,2445
新乡职业技术学院,2446
驻马店职业技术学院,2447
安阳学院,2448
新乡工程学院,2449
郑州商学院,2451
郑州科技学院,2452
漯河食品职业学院,2453
郑州城市职业学院,2454
河南科技职业大学,2455
湖北工程职业学院,2456
三峡旅游职业技术学院,2457
武汉城市职业学院,2458
武汉文理学院,2459
湖北工程学院新技术学院,2460
湖北恩施学院,2461
武汉传媒学院,2462
湖南第一师范学院,2463
湖南生物机电职业技术学院,2464
湖南国防工业职业技术学院,2465
湖南师范大学树达学院,2466
湘潭理工学院,2467
湖南农业大学东方科技学院,2468
长沙理工大学城南学院,2469
湖南科技大学潇湘学院,2470
湖南工业大学科技学院,2471
湘潭大学兴湘学院,2472
南华大学船山学院,2473
湖南文理学院芙蓉学院,2474
湖南理工学院南湖学院,2475
张家界学院,2476
湖南工程学院应用技术学院,2477
湖南中医药大学湘杏学院,2478
衡阳师范学院南岳学院,2479
仲恺农业工程学院,2480
广州番禺职业技术学院,2481
电子科技大学中山学院,2482
东莞城市学院,2483
湛江科技学院,2484
新疆职业大学,2486
新疆理工学院,2487
新疆科技学院,2489
新疆第二医学院,2490
成都大学,2491
四川幼儿师范高等专科学校,2492
成都理工大学工程技术学院,2493
四川传媒学院,2494
成都银杏酒店管理学院,2495
成都文理学院,2496
成都外国语学院,2497
成都锦城学院,2498
绵阳城市学院,2499
四川文化艺术学院,2500
四川大学锦江学院,2501
西南财经大学天府学院,2502
西南交通大学希望学院,2503
四川现代职业学院,2504
四川城市职业学院,2505
烟台工程职业技术学院,2506
德州职业技术学院,2507
山东传媒职业学院,2508
临沂职业学院,2509
枣庄职业学院,2510
山东理工职业学院,2511
山东文化产业职业学院,2512
泰山科技学院,2513
青岛工学院,2514
青岛农业大学海都学院,2516
齐鲁理工学院,2517
潍坊理工学院,2518
聊城大学东昌学院,2519
保山学院,2520
文山学院,2521
德宏职业学院,2522
云南大学滇池学院,2523
丽江文化旅游学院,2524
昆明传媒学院,2525
昆明理工大学津桥学院,2526
云南三鑫职业技术学院,2527
云南经贸外事职业学院,2528
佳木斯职业学院,2529
哈尔滨远东理工学院,2530
哈尔滨华德学院,2531
黑龙江工商学院,2532
哈尔滨剑桥学院,2533
哈尔滨广厦学院,2534
哈尔滨石油学院,2535
黑龙江工程学院昆仑旅游学院,2536
黑龙江财经学院,2537
扬州市职业大学,2538
南京旅游职业学院,2539
南京理工大学紫金学院,2541
南京航空航天大学金城学院,2542
南京传媒学院,2543
南京工业大学浦江学院,2544
南京师范大学中北学院,2545
南京医科大学康达学院,2546
苏州城市学院,2548
苏州大学应用技术学院,2549
苏州科技大学天平学院,2550
扬州大学广陵学院,2551
江苏师范大学科文学院,2552
南京邮电大学通达学院,2553
江苏科技大学苏州理工学院,2554
南通大学杏林学院,2555
明达职业技术学院,2557
苏州信息职业技术学院,2558
苏州高博软件技术职业学院,2559
西安交通大学城市学院,2560
西安工商学院,2561
西安明德理工学院,2562
西安科技大学高新学院,2563
西安理工大学高科学院,2564
西安医学高等专科学校,2565
兴义民族师范学院,2566
贵州工业职业技术学院,2567
毕节职业技术学院,2568
贵州职业技术学院,2569
遵义医科大学医学与科技学院,2571
贵州中医药大学时珍学院,2572
贵州黔南经济学院,2573
贵阳人文科技学院,2574
贵州医科大学神奇民族医药学院,2575
宁夏大学新华学院,2576
三亚理工职业学院,2577
香港教育大学,2602
衢州学院,2604
福建江夏学院,2606
齐鲁师范学院,2607
山东青年政治学院,2608
山东女子学院,2609
广东第二师范学院,2610
北京第二外国语学院,2614
银川科技学院,2615
内蒙古科技大学包头医学院,2616
内蒙古科技大学包头师范学院,2617
香港岭南大学,2619
空军勤务学院,2620
中国人民解放军海军大连舰艇学院,2621
海军工程大学,2622
空军航空大学,2623
解放军电子工程学院,2625
香港浸会大学,2626
南宁理工学院,2628
北京体育职业学院,2629
新疆政法学院,2631
长安大学兴华学院,2632
北京交通运输职业学院,2637
河南医学高等专科学校,2638
浙江外国语学院,2640
北京艺术传媒职业学院,2641
承德护理职业学院,2642
廊坊燕京职业技术学院,2643
阳泉师范高等专科学校,2644
大同煤炭职业技术学院,2646
晋中师范高等专科学校,2647
呼伦贝尔职业技术学院,2649
满洲里俄语职业学院,2650
辽宁城市建设职业技术学院,2651
辽宁工程职业学院,2652
辽宁医药职业学院,2654
辽宁冶金职业技术学院,2655
铁岭卫生职业学院,2656
吉林科技职业技术学院,2657
黑龙江护理高等专科学校,2660
苏州工业园区服务外包职业学院,2662
宿迁泽达职业技术学院,2663
皖西卫生职业学院,2664
桐城师范高等专科学校,2665
黄山职业技术学院,2666
滁州城市职业学院,2667
安徽汽车职业技术学院,2668
青岛远洋船员职业学院,2669
长垣烹饪职业技术学院,2670
河南应用技术职业学院,2671
河南艺术职业学院,2672
焦作工贸职业学院,2673
开封文化艺术职业学院,2674
许昌陶瓷职业学院,2675
郑州理工职业学院,2676
郑州信息工程职业学院,2677
湖南高尔夫旅游职业学院,2678
湖南工商职业学院,2679
广州华夏职业学院,2680
广州华商职业学院,2681
广东南方职业学院,2682
广东环境保护工程职业学院,2683
东莞职业技术学院,2684
广西现代职业技术学院,2686
广西卫生职业技术学院,2687
广西科技职业学院,2688
海南工商职业学院,2689
重庆旅游职业学院,2690
重庆交通职业学院,2691
云南商务职业学院,2692
榆林职业技术学院,2693
陕西工商职业学院,2694
甘肃机电职业技术学院,2695
天津外国语大学滨海外事学院,2696
重庆化工职业学院,2699
北京经济管理职业学院,2700
澳门科技大学,2809
澳门大学,2810
澳门旅游大学,2811
首都师范大学继续教育学院,2814
陕西学前师范学院,2815
济南护理职业学院,2817
重庆艺术工程职业学院,2818
重庆经贸职业学院,2819
重庆公共运输职业学院,2820
重庆电信职业学院,2821
华北理工大学轻工学院,2833
广西外国语学院,2834
广东科技学院,2835
郑州升达经贸管理学院,2836
山东协和学院,2837
福州外语外贸学院,2838
安徽外国语学院,2839
山西工商学院,2840
河北科技学院,2841
商丘学院,2842
南昌工学院,2843
青岛电影学院,2844
陕西服装工程学院,2846
华北理工大学冀唐学院,2847
齐齐哈尔理工职业学院,2849
石家庄经济职业学院,2853
廊坊卫生职业学院,2854
河北环境工程学院,2855
河北青年管理干部学院,2856
石家庄幼儿师范高等专科学校,2857
河北轨道运输职业技术学院,2858
河北资源环境职业技术学院,2859
山西青年职业学院,2861
山西传媒学院,2862
运城护理职业学院,2864
山西卫生健康职业学院,2865
四川长江职业学院,2868
成都师范学院,2869
陕西航天职工大学,2875
陕西省建筑工程总公司职工大学,2878
赣州师范高等专科学校,2885
吉林省经济管理干部学院,2886
江西服装学院,2887
江西工商职业技术学院,2888
南昌师范学院,2889
江西医学高等专科学校,2891
潍坊工程职业学院,2897
张家口学院,2902
宁波幼儿师范高等专科学校,2905
南阳职业学院,2906
安阳幼儿师范高等专科学校,2907
吉林城市职业技术学院,2910
新疆体育职业技术学院,2911
河南机电职业学院,2912
许昌电气职业学院,2913
鹤壁汽车工程职业学院,2914
重庆安全技术职业学院,2915
重庆轻工职业学院,2916
四川电影电视学院,2917
四川汽车职业技术学院,2918
四川卫生康复职业学院,2919
川北幼儿师范高等专科学校,2920
安徽卫生健康职业学院,2921
安徽黄梅戏艺术职业学院,2922
安徽扬子职业技术学院,2923
天门职业学院,2927
山东海事职业学院,2928
湖南食品药品职业学院,2930
洛阳职业技术学院,2931
湖南有色金属职业技术学院,2933
上海民航职业技术学院,2934
内蒙古能源职业学院,2935
阿拉善职业技术学院,2936
赤峰工业职业技术学院,2938
内蒙古美术职业学院,2939
南方科技大学,2941
广州东华职业学院,2942
广东舞蹈戏剧职业学院,2943
广东信息工程职业学院,2944
广东青年职业学院,2945
广东创新科技职业学院,2946
惠州卫生职业技术学院,2947
襄阳汽车职业技术学院,2948
湖北体育职业学院,2949
甘肃有色冶金职业技术学院,2952
首都经济贸易大学密云分校,2953
泉州幼儿师范高等专科学校,2954
延边职业技术学院,2955
吉林省教育学院,2956
新疆应用职业技术学院,2958
济南幼儿师范高等专科学校,2959
泰山护理职业学院,2960
潍坊护理职业学院,2961
景德镇陶瓷职业技术学院,2963
北京卫生职业学院,2965
山东财经大学燕山学院,2966
河南推拿职业学院,2969
福建幼儿师范高等专科学校,2970
陆军炮兵防空兵学院,2971
解放军南京陆军指挥学院,2972
中国人民解放军陆军步兵学院,2973
解放军工程兵学院,2977
海军潜艇学院,2978
空军指挥学院,2983
解放军空军第一航空学院,2985
解放军空军西安飞行学院,2986
解放军装甲兵学院,2989
解放军装甲兵技术学院,2990
中国人民解放军陆军边海防学院,2992
武警指挥学院,2994
武警警官学院,2995
贵州理工学院,2996
北京理工大学国际教育学院,3000
山东管理学院,3004
山东农业工程学院,3005
北京航空航天大学软件学院,3006
香港都会大学,3007
香港珠海学院,3008
郑州幼儿师范高等专科学校,3035
郑州黄河护理职业学院,3036
长沙卫生职业学院,3037
上海纽约大学,3039
河南护理职业学院,3040
昆明卫生职业学院,3041
北京警察学院,3042
云南外事外语职业学院,3044
浙江农业商贸职业学院,3046
郑州商贸旅游职业学院,3047
崇左幼儿师范高等专科学校,3048
新疆师范高等专科学校,3051
哈尔滨幼儿师范高等专科学校,3052
河北中医药大学,3055
营口理工学院,3061
重庆幼儿师范高等专科学校,3062
沈阳北软信息职业技术学院,3063
山西能源学院,3064
安徽粮食工程职业学院,3065
合肥科技职业学院,3066
河南水利与环境职业学院,3067
河南信息统计职业学院,3068
四川希望汽车职业学院,3072
河南牧业经济学院,3073
四川电子机械职业技术学院,3074
重庆科技职业学院,3075
重庆文化艺术职业学院,3076
洛阳科技职业学院,3079
哈尔滨传媒职业学院,3083
云南现代职业技术学院,3087
云南旅游职业学院,3088
徐州幼儿师范高等专科学校,3089
徐州生物工程职业技术学院,3090
信阳涉外职业技术学院,3091
新疆铁道职业技术学院,3092
泰州学院,3094
四川文轩职业学院,3095
四川三河职业学院,3096
陕西艺术职业学院,3097
平顶山职业技术学院,3098
宁夏葡萄酒与防沙治沙职业技术学院,3099
辽宁轻工职业学院,3105
辽宁轨道交通职业学院,3106
江苏商贸职业学院,3109
湖南幼儿师范高等专科学校,3110
湖南三一工业职业技术学院,3111
红河卫生职业学院,3112
菏泽职业学院,3113
河南工业和信息化职业学院,3114
合肥幼儿师范高等专科学校,3115
贵州盛华职业学院,3116
贵州工商职业学院,3117
广西职业师范学院,3118
共青科技职业学院,3120
大连理工大学盘锦校区,3122
大理农林职业技术学院,3123
渤海理工职业学院,3124
保定幼儿师范高等专科学校,3126
巴中职业技术学院,3127
白银矿冶职业技术学院,3128
河北工艺美术职业学院,3129
南京城市职业学院,3143
中国科学院大学,3145
江苏第二师范学院,3149
中国人民大学（苏州校区）,3150
上海科技大学,3151
合肥工业大学宣城校区,3152
甘肃卫生职业学院,3154
兰州科技职业学院,3155
山东职业学院西校区,3158
辽宁特殊教育师范高等专科学校,3161
皖北卫生职业学院,3185
四川护理职业学院,3186
吉安职业技术学院,3187
温州肯恩大学,3188
重庆资源与环境保护职业学院,3191
山东艺术设计职业学院,3192
成都工贸职业技术学院,3193
上海健康医学院,3194
贵州建设职业技术学院,3197
四川西南航空职业学院,3200
香港中文大学（深圳）,3202
川南幼儿师范高等专科学校,3203
成都工业职业技术学院,3204
贵州工程职业学院,3205
浙江特殊教育职业学院,3208
黑龙江冰雪体育职业学院,3211
广西培贤国际职业学院,3212
广州卫生职业技术学院,3213
南阳农业职业学院,3214
内蒙古艺术学院,3215
北京网络职业学院,3216
烟台黄金职业学院,3217
广西金融职业技术学院,3218
广东酒店管理职业技术学院,3219
惠州城市职业学院,3220
内蒙古民族幼儿师范高等专科学校,3221
扎兰屯职业学院,3222
鄂尔多斯生态环境职业学院,3223
江苏财会职业学院,3224
贵阳幼儿师范高等专科学校,3225
威海海洋职业学院,3227
辽宁民族师范高等专科学校,3228
铜仁幼儿师范高等专科学校,3229
南通师范高等专科学校,3230
贵州工贸职业学院,3231
贵州应用技术职业学院,3232
贵州水利水电职业技术学院,3233
贵州农业职业学院,3234
毕节医学高等专科学校,3235
湛江幼儿师范专科学校,3236
广东茂名健康职业学院,3237
广东碧桂园职业学院,3238
广东茂名幼儿师范专科学校,3239
广东生态工程职业学院,3240
广东以色列理工学院,3241
香港树仁大学,3243
澳门城市大学,3244
安徽公安职业学院,3247
南昌影视传播职业学院,3248
江西水利职业学院,3249
深圳北理莫斯科大学,3251
江西洪州职业学院,3252
江西师范高等专科学校,3253
中国社会科学院大学,3254
哈尔滨工业大学（深圳）,3255
阜阳幼儿师范高等专科学校,3256
庆阳职业技术学院,3257
陕西机电职业技术学院,3258
福州墨尔本理工职业学院,3259
长春健康职业学院,3260
浙江音乐学院,3266
海南体育职业技术学院,3269
哈尔滨音乐学院,3270
鄂尔多斯应用技术学院,3271
滇西应用技术大学,3272
江苏护理职业学院,3273
曹妃甸职业技术学院,3274
三亚中瑞酒店管理职业学院,3275
运城师范高等专科学校,3276
朔州师范高等专科学校,3277
阳泉职业技术学院,3278
海南健康管理职业技术学院,3279
云南财经职业学院,3280
深圳技术大学,3281
闽江师范高等专科学校,3282
吕梁职业技术学院,3283
茅台学院,3287
武汉铁路桥梁职业学院,3288
兰州现代职业学院,3289
贵州电子科技职业学院,3290
武汉光谷职业学院,3291
甘肃财贸职业学院,3292
临夏现代职业学院,3294
平凉职业技术学院,3295
太原幼儿师范高等专科学校,3296
湘中幼儿师范高等专科学校,3297
贵州电子商务职业技术学院,3298
贵州护理职业技术学院,3299
贵州食品工程职业学院,3300
贵州装备制造职业学院,3301
黔南民族幼儿师范高等专科学校,3302
贵州经贸职业技术学院,3303
新疆工业职业技术学院,3304
毕节工业职业技术学院,3305
毕节幼儿师范高等专科学校,3306
贵州健康职业学院,3307
六盘水幼儿师范高等专科学校,3308
重庆护理职业学院,3310
中国石油大学（北京）克拉玛依校区,3311
青海柴达木职业技术学院,3312
青海高等职业技术学院,3313
西宁城市职业技术学院,3314
哈密职业技术学院,3315
吐鲁番职业技术学院,3316
博尔塔拉职业技术学院,3317
新疆生产建设兵团兴新职业技术学院,3318
昭通卫生职业学院,3319
云南交通运输职业学院,3320
昆明铁道职业技术学院,3321
大理护理职业学院,3322
云南水利水电职业学院,3323
广西安全工程职业技术学院,3324
广东江门中医药职业学院,3325
惠州工程职业学院,3326
宜春幼儿师范高等专科学校,3327
长春师范高等专科学校,3328
吉林水利电力职业学院,3329
天津体育职业学院,3330
天津滨海汽车工程职业学院,3331
石家庄城市经济职业学院,3332
唐山幼儿师范高等专科学校,3334
辽宁税务高等专科学校,3335
吉林职业技术学院,3337
上海公安学院,3338
南京审计大学金审学院,3340
昆山杜克大学,3341
盐城幼儿师范高等专科学校,3342
苏州幼儿师范高等专科学校,3343
扬州中瑞酒店职业学院,3344
江苏城乡建设职业学院,3345
江苏航空职业技术学院,3346
江苏安全技术职业学院,3347
江苏旅游职业学院,3348
浙江安防职业技术学院,3349
浙江舟山群岛新区旅游与健康职业学院,3350
泉州工程职业技术学院,3352
上饶幼儿师范高等专科学校,3353
抚州幼儿师范高等专科学校,3355
江西管理职业学院,3357
赣南卫生健康职业学院,3358
山东特殊教育职业学院,3359
日照航海工程职业学院,3360
河南林业职业学院,3361
濮阳医学高等专科学校,3362
河南轻工职业学院,3363
驻马店幼儿师范高等专科学校,3364
信阳航空职业学院,3365
河南物流职业学院,3366
郑州财税金融职业学院,3367
三门峡社会管理职业学院,3368
河南测绘职业学院,3369
鹤壁能源化工职业学院,3370
郑州卫生健康职业学院,3371
河南地矿职业学院,3372
平顶山文化艺术职业学院,3373
湖北幼儿师范高等专科学校,3374
湖北铁道运输职业学院,3375
武汉海事职业学院,3376
长江艺术工程职业学院,3377
荆门职业学院,3378
株洲师范高等专科学校,3379
湖南吉利汽车职业技术学院,3383
湘南幼儿师范高等专科学校,3384
湖南劳动人事职业学院,3385
玉柴职业技术学院,3389
广西蓝天航空职业学院,3390
四川应用技术职业学院,3391
西昌民族幼儿师范高等专科学校,3392
眉山药科职业学院,3393
天府新区信息职业学院,3394
德阳城市轨道交通职业学院,3395
德阳科贸职业学院,3396
江阳城建职业学院,3397
天府新区航空旅游职业学院,3398
天府新区通用航空职业学院,3399
阿坝职业学院,3400
四川体育职业学院,3401
云南轻纺职业学院,3404
云南特殊教育职业学院,3405
云南工贸职业技术学院,3406
西藏农牧学院,3407
新疆科技职业技术学院,3408
宁夏幼儿师范高等专科学校,3409
宁夏艺术职业学院,3410
宁夏体育职业学院,3411
云南医药健康职业学院,3413
贵州航空职业技术学院,3415
辽宁生态工程职业学院,3416
桂林生命与健康职业技术学院,3418
承德应用技术职业学院,3419
哈尔滨北方航空职业技术学院,3420
广元中核职业技术学院,3421
南昌大学抚州医学院,3422
郑州西亚斯学院,3423
石河子工程职业技术学院,3424
复旦大学上海医学院,3427
中国消防救援学院,3428
浙江大学医学院,3429
萍乡卫生职业学院,3430
江西婺源茶业职业学院,3431
赣州职业技术学院,3432
达州中医药职业学院,3433
内江卫生与健康职业学院,3434
南充科技职业学院,3435
资阳环境科技职业学院,3436
云南理工职业学院,3437
喀什职业技术学院,3438
资阳口腔职业学院,3439
西安健康工程职业学院,3440
中国人民解放军陆军特种作战学院,3442
中国人民武装警察部队特种警察学院,3443
厦门大学马来西亚分校,3448
大同师范高等专科学校,3450
广东茂名农林科技职业学院,3451
和田职业技术学院,3454
铁门关职业技术学院,3455
昆明幼儿师范高等专科学校,3456
安徽艺术学院,3461
西湖大学,3462
福建技术师范学院,3463
江西软件职业技术大学,3464
青岛工程职业学院,3465
郑州亚欧交通职业学院,3466
怀化师范高等专科学校,3467
广东江门幼儿师范高等专科学校,3468
广东财贸职业学院,3469
广西自然资源职业技术学院,3470
攀枝花攀西职业学院,3471
曲靖职业技术学院,3472
神木职业技术学院,3473
宝鸡三和职业学院,3474
克孜勒苏职业技术学院,3475
新疆科信职业技术学院,3476
阿勒泰职业技术学院,3477
辽宁师范高等专科学校,3478
江苏海洋大学,3483
海南卫生健康职业学院,3485
西南财经大学特拉华数据科学学院,3486
邯郸幼儿师范高等专科学校,3487
青岛幼儿师范高等专科学校,3488
烟台幼儿师范高等专科学校,3489
永州师范高等专科学校,3490
衡阳幼儿师范高等专科学校,3491
长沙幼儿师范高等专科学校,3492
钦州幼儿师范高等专科学校,3493
梧州医学高等专科学校,3494
邯郸科技职业学院,3495
唐山海运职业学院,3496
山西通用航空职业技术学院,3497
朔州陶瓷职业技术学院,3498
赤峰应用技术职业学院,3499
鞍山职业技术学院,3500
长春早期教育职业学院,3501
浙江宇翔职业技术学院,3502
黄山健康职业学院,3503
南昌健康职业技术学院,3504
九江理工职业学院,3505
烟台文化旅游职业学院,3506
临沂科技职业学院,3507
青岛航空科技职业学院,3508
潍坊环境工程职业学院,3509
河南女子职业学院,3510
河南对外经济贸易职业学院,3511
濮阳石油化工职业技术学院,3512
南阳科技职业学院,3513
兰考三农职业学院,3514
汝州职业技术学院,3515
林州建筑职业技术学院,3516
郑州电子商务职业学院,3517
郑州轨道工程职业学院,3518
郑州体育职业学院,3519
湖北健康职业学院,3520
广西制造工程职业技术学院,3521
广西物流职业技术学院,3522
重庆理工职业学院,3523
重庆智能工程职业学院,3524
重庆健康职业学院,3525
南充文化旅游职业学院,3526
南充电影工业职业学院,3527
绵阳飞行职业学院,3528
德阳农业科技职业学院,3529
泸州医疗器械职业学院,3530
贵州机电职业技术学院,3531
贵州财经职业学院,3532
塔里木职业技术学院,3533
塔城职业技术学院,3534
石嘴山工贸职业技术学院,3535
培黎职业学院,3536
榆林能源科技职业学院,3538
红河职业技术学院,3539
长治幼儿师范高等专科学校,3540
梅河口康美职业技术学院,3541
海军指挥学院,3543
海军勤务学院,3544
中国人民武装警察部队指挥学院,3545
贵州财经大学西密歇根学院,3546
中国人民解放军海军士官学校,3548
贵州民用航空职业学院,3549
解放军空军石家庄飞行学院,3552
广州幼儿师范高等专科学校,3566
香港恒生大学,3568
重庆移通学院德国工程学院,3569
邢台应用技术职业学院,3571
吉林通用航空职业技术学院,3572
通化医药健康职业学院,3573
上海南湖职业技术学院,3574
浙江金华科贸职业技术学院,3575
宿州航空职业学院,3576
和君职业学院,3577
滨州科技职业学院,3578
洛阳文化旅游职业学院,3579
周口文理职业学院,3580
信阳艺术职业学院,3581
郑州城建职业学院,3582
郑州医药健康职业学院,3583
湖北孝感美珈职业学院,3584
广东汕头幼儿师范高等专科学校,3585
广东梅州职业技术学院,3586
广东潮州卫生健康职业学院,3587
广东云浮中医药职业学院,3588
广东肇庆航空职业学院,3589
防城港职业技术学院,3590
广西信息职业技术学院,3591
广西农业工程职业技术学院,3592
北海康养职业学院,3593
重庆工信职业学院,3594
甘孜职业学院,3595
自贡职业技术学院,3596
贵州文化旅游职业学院,3597
宝鸡中北职业学院,3598
兰州航空职业技术学院,3600
白银希望职业技术学院,3601
烟台科技学院,3602
西南大学西塔学院,3604
重庆医科大学国际医学院,3605
重庆五一职业技术学院,3607
益阳师范高等专科学校,3608
广西质量工程职业技术学院,3609
贵州大学北阿拉巴马国际工程技术学院,3612
常州幼儿师范高等专科学校,3614
娄底幼儿师范高等专科学校,3615
上海建设管理职业技术学院,3616
上海现代化工职业学院,3617
吕梁师范高等专科学校,3618
上海科创职业技术学院,3619
玉溪职业技术学院,3620
保山职业学院,3621
昭通职业学院,3622
上海闵行职业技术学院,3623
重庆中医药学院,3624
郑州汽车工程职业学院,3625
郑州大学体育学院,3627
华北水利水电大学乌拉尔学院,3628
周口理工职业学院,3629
宜昌科技职业学院,3631
秦皇岛工业职业技术学院,3632
宁夏卫生健康职业技术学院,3633
潍坊食品科技职业学院,3634
贵州铜仁数据职业学院,3635
昆玉职业技术学院,3636
吉安幼儿师范高等专科学校,3637
新星职业技术学院,3638
上饶卫生健康职业学院,3639
可克达拉职业技术学院,3640
山东城市服务职业学院,3641
烟台城市科技职业学院,3642
郑州食品工程职业学院,3643
常德科技职业技术学院,3644
海南比勒费尔德应用科学大学,3645
邵阳工业职业技术学院,3646
长沙文创艺术职业学院,3647
岳阳现代服务职业学院,3648
郴州思科职业学院,3649
衡阳科技职业学院,3650
桂林信息工程职业学院,3651
定西职业技术学院,3652
喀什理工职业技术学院,3653
图木舒克职业技术学院,3654
贵州体育职业学院,3655
沧州航空职业学院,3656
衡水健康科技职业学院,3657
丽江职业技术学院,3659
文山职业技术学院,3660
香格里拉职业学院,3661
邯郸应用技术职业学院,3662
郑州美术学院,3663
南阳工艺美术职业学院,3664
濮阳科技职业学院,3665
商丘幼儿师范高等专科学校,3666
焦作新材料职业学院,3667
开封职业学院,3668
洛阳商业职业学院,3669
郑州软件职业技术学院,3670
郑州智能科技职业学院,3671
襄阳科技职业学院,3672
长沙轨道交通职业学院,3673
香港科技大学（广州）,3674
珠海格力职业学院,3675
遂宁能源职业学院,3676
遂宁工程职业学院,3677
遂宁职业学院,3678
新疆司法警官职业学院,3679
阿克苏工业职业技术学院,3680
重庆数字产业职业技术学院,3681
长春数字科技职业学院,3683
上海浦东职业技术学院,3684
深圳城市职业学院,3685
香港城市大学（东莞）,3687
安徽公安学院,3688
澳门旅游学院,2811
北京理工大学珠海学院,1298
